Имя, Фамилия, Возраст
Влад, Сидоров, 42
Катя, Сидоров, 16
Влад, Иванов, 44
Борис, Анашенков, 60
Кира, Анашенков, 45
Борис, Сидоров, 34
Влад, Иванов, 24
Борис, Чижик, 16
Саня, Кижук, 1
Кира, Иванов, 7
Саня, Кижук, 13
Леся, Кижук, 47
Леся, Кижук, 11
Катя, Анашенков, 33
Кира, Анашенков, 25
Кира, Анашенков, 7
Влад, Сидоров, 53
Влад, Кижук, 9
Леся, Анашенков, 11
Катя, Петров, 46
Антон, Сидоров, 16
Витя, Сидоров, 6
Витя, Петров, 52
Борис, Сидоров, 1
Антон, Чижик, 4
Леся, Сидоров, 22
Леся, Петров, 14
Борис, Чижик, 28
Леся, Иванов, 31
Витя, Петров, 20
Леся, Чижик, 35
Леся, Сидоров, 33
Катя, Сидоров, 34
Антон, Анашенков, 25
Витя, Сидоров, 44
Катя, Иванов, 38
Борис, Петров, 13
Леся, Чижик, 43
Катя, Чижик, 55
Саня, Анашенков, 14
Антон, Анашенков, 24
Кира, Кижук, 6
Витя, Иванов, 28
Борис, Сидоров, 49
Катя, Чижик, 18
Борис, Сидоров, 22
Антон, Петров, 46
Борис, Анашенков, 4
Антон, Кижук, 57
Борис, Сидоров, 58
Саня, Кижук, 5
Борис, Петров, 48
Борис, Анашенков, 21
Витя, Чижик, 33
Борис, Чижик, 32
Витя, Кижук, 59
Антон, Сидоров, 25
Кира, Чижик, 52
Витя, Петров, 1
Катя, Кижук, 54
Леся, Кижук, 42
Влад, Кижук, 12
Витя, Чижик, 40
Борис, Петров, 10
Леся, Чижик, 12
Катя, Чижик, 58
Витя, Анашенков, 59
Кира, Петров, 11
Влад, Анашенков, 37
Влад, Анашенков, 43
Антон, Анашенков, 57
Саня, Кижук, 25
Антон, Иванов, 43
Антон, Петров, 56
Леся, Анашенков, 46
Катя, Чижик, 8
Кира, Петров, 16
Катя, Сидоров, 21
Антон, Петров, 6
Антон, Иванов, 18
Кира, Сидоров, 37
Саня, Кижук, 48
Саня, Иванов, 53
Влад, Иванов, 24
Витя, Анашенков, 51
Леся, Петров, 44
Катя, Чижик, 58
Катя, Анашенков, 1
Кира, Петров, 54
Леся, Петров, 40
Катя, Чижик, 31
Саня, Чижик, 8
Саня, Сидоров, 15
Антон, Сидоров, 18
Катя, Анашенков, 60
Катя, Петров, 12
Леся, Петров, 51
Влад, Петров, 27
Влад, Иванов, 21
Леся, Петров, 43